URL,status_code,relevant
http://masonsvibrations.com/event/summer-solstice-sundown,404.0,False
http://agelessmovement.org/classes-private-sessions/,202.0,False
http://www.elizabethhaberer.com/register-for-yoga/private-online-trauma-informed-yoga-session,404.0,False
http://shubhangi.co.in/domain-list-142,200.0,False
http://wellbodypilates.com/movement-classes,200.0,False
http://coached-by-cass.squarespace.com/yoga,404.0,False
http://dharashiv.online/domain-list-125,200.0,False
http://www.fringe.yoga/book-a-class,200.0,False
http://www.leadershipstudioac.com/class-schedule.html,200.0,False
http://www.masako.yoga/teacher-trainings.html,200.0,True
http://parbhani.top/domain-list-125,200.0,False
http://mathias-rosenfeld-gy89.squarespace.com/events/2024/6/22/rcy-summer-solstice-celebration,200.0,False
http://www.kimmropickyyoga.com/membershipspackages,200.0,True
http://www.annieyoga.co.uk/workshops,200.0,True
http://mariblack.com/calendar.html,200.0,False
http://ann-pidcock-p292.squarespace.com/workshops,200.0,True
http://www.graceandgloryyoga.com/northfield.html,200.0,False
http://whitney-riggs-gt2b.squarespace.com/yoga-classes,200.0,True
http://chicago.vinylmnky.com/venues/online-virtual,200.0,False
http://melanie-emlyn-s45s.squarespace.com/events-classes,200.0,True
http://centeredpilates.squarespace.com/versaclimber,200.0,False
http://samvetrano.squarespace.com/lectures1,200.0,False
http://www.lokayogaoakland.com/,200.0,True
http://alicebillereyyoga.com/timetable/chair-yoga-sign-up-make-payment-then-receive-link-on-the-day-2024-07-09,200.0,True
http://katarinarayburnyoga.com/events/2024/7/14/mid-summer-yoga-supper,200.0,True
http://www.secretsearchenginelabs.com/find/body%20pilates,200.0,False
http://michelle-reeves.squarespace.com/yogawithzaz-membership-options,200.0,True
http://rootswellness.ie/offerings.php,200.0,True
http://www.pardispartow.com/calendar-of-events/summer-solstice-sound-bath-event-maharose,200.0,False
http://www.in2yogalapeer.com/classes.html,404.0,False
http://cricketinfo.co.in/domain-list-117,200.0,False
http://irene-pappas-hpzm.squarespace.com/blog/2019/3/4/is-yoga-asana-enough,200.0,True
http://chicago-shows.relix.com/venues/online-event/month_events,200.0,False
http://www.zenkoyoga.com.au/noosa.html,404.0,False
http://www.true-definition.com/schedule,200.0,True
http://lesliehowardyoga.com/events/yoga-to-alleviate-incontinence-in-person-and-hybrid/,200.0,True
http://www.songofthesacred.com/workshops,200.0,False
http://www.rachelsimonewilkins.com/ritual-flow-summer-solstice,404.0,False
http://chicago.floodmagazine.com/venues/online-virtual/month_events,200.0,False
http://nikki-ralston.squarespace.com/events/2024/5/26/replenish,404.0,False
https://46.101.40.37/workshops-events/reiki-i-course/,,False
http://www.yogainspiredlife.org/class-schedule.html,200.0,True
http://yogawithzaz.com/yogawithzaz-membership-options,200.0,True
http://bethechangeyoga.com/yoga-schedule/,200.0,True
http://touristpoints.in/domain-list-117,200.0,False
http://www.theralstonmethod.com/events/2024/5/26/replenish,404.0,False
http://yoga-malm.squarespace.com/workshops/2021/8/22/prenatal-yoga-modifications-workshop,200.0,True
http://www.yogawithvictor.com/blogevents/category/private-yoga/4,200.0,True
http://www.lisakingyoga.com/,200.0,True
http://www.stardanceschool.com/dance-lessons-kids-adults-in-boston-ma.html,200.0,False
https://1520theticket.com/ixp/65/p/escape-the-stress-outdoor-yoga-classes-at-milk-honey-ciders-in-st-joe/,200.0,True
http://events.delmark.com/events/2024/6/21/welcoming-the-summer-solstice-tickets,200.0,False
http://www.branchesofwellness.com/event/mediumship-classes/,200.0,True
http://calendar.showbams.com/venues/lotusland-yoga-sf,200.0,True
http://www.westactonvillageworks.com/events,200.0,False
https://43northnh.com/classes/,200.0,False
https://247sports.news/yoga-classes-at-the-ledge-amphitheater-find-your-inner-warrior-in-nature/,200.0,True
https://4pointscrossfit.com.au/bookings-4points-crossfit.html,200.0,True
https://1390granitecitysports.com/escape-the-stress-outdoor-yoga-classes-at-milk-honey-ciders-in-st-joe/,200.0,True
https://abayoga.co.uk/,202.0,False
https://acrowithkwame.webflow.io/classes/open-level-acro-yoga-class-in-london-spring-2024,200.0,True
https://10thplanetjjdallas.com/schedule/,200.0,False
https://acimlessons.org/2019/02/thoughts-with-gayle-lesson-45/,202.0,False
https://activitypacks.co.nz/products/active-attitude-at-home-activity-pack-online-edition,200.0,False
https://50hillrise.com/yoga-classes/,200.0,True
https://aleentabarre.com/products/moveactive-crew-style-grippy-socks-saltwater-tie-dye,404.0,False
https://activelifestylewellness.com.au/promotions/,200.0,True
https://aliceausten.org/events/beyoga-presents-gentle-yoga-on-clear-comfort-lawn/,200.0,True
http://услугирядом.рф/moxie-fitness-k.html,404.0,False
https://aerialactive.fitness/,200.0,False
https://angusfordrobertson.com/the-awaken-club-6-week-course-july/,200.0,False
https://annikawallinsyoga.se/digitalyoga/,404.0,False
https://aktivliving.com.au/pricing/,202.0,False
https://accordion-cyan-3zc8.squarespace.com/fullmoons,200.0,False
https://anneweidinger.com/schedule/,200.0,False
https://alignstudiosaustralia.com/benefits-of-pilates/,200.0,False
https://alchemyoflife.com.au/practitioners/,200.0,False
https://activefarmers.com.au/three-springs-wa,200.0,False
https://advertiseyourdomain.com/domain-list-125,200.0,False
https://anandaelpaso.com/,200.0,True
https://100powerpilates.co.uk/prices-mat,200.0,False
https://adantiah-healing-arts.squarespace.com/blog-posts/how-to-release-emotional-blockage,200.0,False
https://all-pilates.com.au/pilates-weekend,200.0,False
https://algae-panda-et92.squarespace.com/events/summer-wellness-movement-meditation-live-music-sound-healing,200.0,True
https://alignsingapore.squarespace.com/yoga-class-pricing,200.0,True
https://alarm-store.squarespace.com/resilient-recovery-circles,200.0,False
https://agilept.com/wellness/,200.0,True
https://amelia-hruby-ncul.squarespace.com/events/2021/6/22/saturn-return,200.0,False
https://andreadysetgrow.com/workshops,404.0,False
https://alpenflowyoga.com/,200.0,True
https://amphibian-piccolo-2fwd.squarespace.com/journal/on-riding-the-wave,200.0,True
https://artofpilatesli.com/huntington-classes/,200.0,False
https://5rhythms.com/workshops/BODYMINDHEARTSERIESMIND-293364,200.0,False
https://alkalignstudios.com/locations/livestream/,200.0,False
https://alignedpetoskey.com/services,200.0,False
https://arnemancy.com/product/pansophia-and-the-art-of-memory/,404.0,False
https://atmaeve.com/what-s-on,200.0,True
https://alligator-primrose-dlpj.squarespace.com/events-2-1,200.0,False
https://artfitlubbock.com/category/recipes/,200.0,False
https://ariseselfdefense.squarespace.com/girls-self-defense-classes,200.0,True
http://discussion.co.in/domain-list-117,200.0,False
https://aspireyogastudio.com/memberships/,200.0,True
https://balancestudiocohasset.com/200-hr-ytt-dates-details/,200.0,True
https://axisjiujitsumelbourne.com.au/pages/kids-jiu-jitsu,200.0,True
https://amyhudson.co/product-tag/free/,404.0,False
http://thewebdirectory.net/domain-list-117,200.0,False
https://asisinaz.com/yoga-hikes-1,200.0,True
https://ascentiah.squarespace.com/quantum-laser-light-facial,200.0,False
https://bailemos-amsterdam.com/parties/,200.0,False
https://appadvice.com/game/app/floo-id-yoga-app/6499473027,200.0,True
https://aqua-purple-37x6.squarespace.com/pricing,200.0,False
https://awakenstudios.squarespace.com/childcare1,404.0,False
https://awakebodies.com/special-events/,200.0,False
https://athashala.com/spa-packages/,200.0,True
https://ashayoga.com.au/covid-safe/,200.0,True
https://amanda-sauro-4373.squarespace.com/schedule,200.0,True
https://adorepilates.com.au/,200.0,False
https://azalea-teal-wtae.squarespace.com/corys-blog/jnana-mudra,200.0,True
https://avocado-beige-jh6y.squarespace.com/pricing-1,200.0,False
https://azhealingspace.com/workshops/,200.0,True
https://adelineyoga.com/event/beginners-immersion/,200.0,True
https://balancdfit.com/online-studio-2/,200.0,False
https://balancedpracticeyoga.com/,200.0,True
https://bio.site/BFWC,200.0,True
https://bebrave.yoga/about-classes-%2B-pricing,200.0,False
https://bamboo-pineapple-bcga.squarespace.com/pricing,200.0,True
https://blackmat.au/intro-offer,200.0,True
https://barefootbirmingham.com/carers/,200.0,False
https://barreitallfitness.com/frankfort/,200.0,True
https://beyondthebarre.co/,200.0,False
https://basecampyoga.co.nz/pages/timetable,200.0,True
https://bigpoweryoga.com/pages/houston-montrose,200.0,True
https://bondirise.com/timetable/,200.0,True
https://blackbeingla.org/,200.0,False
https://bewellihs.com/services/yoga/,200.0,True
https://bestbody.com.au/studio/south-perth-reformer-pilates/,202.0,False
https://banffpride.ca/events/flowwithpride0619,200.0,False
https://behot.yoga/reviews-and-faq,200.0,False
https://bellflower-emu-x4as.squarespace.com/,404.0,False
https://baybreez.com/evolve-yoga-wellness-nurturing-mind-body-and-soul/,200.0,True
https://australianyogaacademy.com/timetable/,200.0,True
https://blissology.com/event/yoga-optimized-workshop-vancouver-2024/,202.0,False
https://bikramyogaleicester.com/schedule-2-2/,200.0,True
https://bisquestudios.com/shortcourses,202.0,False
https://behandlerrum.dk/interne-events/energi-traening-sep,200.0,True
https://bat-gar-sfs2.squarespace.com/west-coast-swing,200.0,False
https://bison-cone-h632.squarespace.com/london-day-retreat-26oct,404.0,False
https://bourkestthelabel.com/blogs/on-bourke-st/puppies-and-pilates-charity-day,200.0,True
https://blueskypilatesandwellness.com/pilates-pricing-packages/,200.0,True
https://bendurbangardens.com/workshops,200.0,False
https://bhuti.co/workshops-events/reiki-i-course/,404.0,False
https://bison-grasshopper-b5p3.squarespace.com/event-calendar?category=Guest+Instructor,200.0,True
https://bhav.squarespace.com/events/z4c5rixfkvkjrpawsonnwb55cq19y8-awc7w,404.0,False
https://boston-yoga-collective.squarespace.com/four-foundations-mindfulness-fez-aswat,404.0,False
https://breathlife.co.uk/breathwork-classes/breathwork-somatics-west-london1-6d5me-bm5zr-gsj8p-l5mpm,200.0,False
https://bodybellybaby.com/in-person-classes/pregnancy/prenatal-yoga-improves-your-flexibility-mood-and-strengh/,200.0,True
https://bronze-apple-p38p.squarespace.com/upcoming-events/intro-to-somatics-p43a2,200.0,True
https://busybeingkids.com/,200.0,True
https://belymbr.com/hamptons-sessions/,200.0,False
https://berkeleycreative.squarespace.com/events/aerial-sound-bath,200.0,True
https://blenny-chihuahua-zafz.squarespace.com/about,200.0,False
https://buenavidafitness.co.uk/bookclasses/,202.0,False
https://buffalo-coyote-7n9t.squarespace.com/schedule/fly-a-self-love-day-retreat-wcat7,404.0,False
https://bullfrog-octagon-b5x9.squarespace.com/back-care-challenge,200.0,True
https://bye.fyi/keyword-ranking/1914075/booking+revolution+android,200.0,False
https://bodhifitstudio.com/studio,200.0,False
https://beyondmove.squarespace.com/membership,200.0,False
https://birminghamcarershub.org.uk/event/carer-life-spa-3/2024-03-28/,200.0,True
https://bullfrog-apricot-2p7l.squarespace.com/pilates-teacher-certification-orlando,200.0,False
https://bekindstudios.flywheelsites.com/pricing/,200.0,True
https://business.goconifer.com/events/details/women-s-circle-42900,200.0,True
https://board30abq.com/event/strong-bones/,404.0,False
https://bronwynbenstead.com/gathered,200.0,True
https://blackbird-lynx-axkm.squarespace.com/events-list,200.0,True
https://breatheojai.squarespace.com/true-north-yoga-school-breathe-ojai-teacher-training,404.0,False
https://bostonyogacollective.org/lindsay-metz-yoga-boston-cambridge,200.0,True
https://cactusvine.com/pages/upcoming-events,200.0,False
https://breatheyogastudio.com/schedule/,202.0,False
https://bodyfitbyhollymay.au/,200.0,False
https://banffpride.squarespace.com/events?category=Events,200.0,False
https://bison-tarpon-rlh8.squarespace.com/workshops,200.0,False
https://business.grantspasschamber.org/events/details/sound-bath-women-s-circle-49725,200.0,False
https://caley-hui.squarespace.com/blog/instructor-stories/sarah-zandbeek,200.0,True
https://canberradigest.com.au/issues/2024/june-25,200.0,False
https://calliope-ukulele-wz4p.squarespace.com/workshops,404.0,False
https://canvasrebel.com/meet-sivan-harary/,500.0,False
https://cello-flugelhorn-aj6z.squarespace.com/pricing,404.0,False
https://casey-michelle.com/24-breathwork-tour,200.0,False
https://canvaspilates.squarespace.com/contact,200.0,False
https://chimes-flounder-htht.squarespace.com/values-mission,404.0,False
https://cashbackdeals.in/domain-list-142,200.0,False
https://caspercowboy.com/ixp/101/p/summer-schedule-for-yoga-on-the-labyrinth/,200.0,True
https://classpass.nl/studios/total-balance-yoga-and-fitness-pittsburgh,200.0,True
https://classpass.com/studios/total-balance-yoga-and-fitness-pittsburgh,200.0,True
https://brisbanenaturalhealth.com/category/naturopathy/,200.0,True
https://classpass.fr/studios/total-balance-yoga-and-fitness-pittsburgh,200.0,True
https://carrieann-belanger.squarespace.com/workshops/2024/4/24/the-great-yoga-wall-3-week-series-gr8nm,200.0,True
https://chrysalis-elk-jxl2.squarespace.com/mangia/blog-post-1-g94mr-3mpmd-x4zrm-ps63z-567zz,200.0,False
https://classpass.com.es/studios/total-balance-yoga-and-fitness-pittsburgh,200.0,True
https://cheetah-sturgeon-njtr.squarespace.com/kids-yoga,200.0,True
https://circle-bugle-dy87.squarespace.com/our-events/pilates-pints-2,200.0,False
https://cheetah-ruby-32jb.squarespace.com/restorative-yoga,200.0,True
https://cglassdanceco.squarespace.com/store/p/haus-phone-case-brown,200.0,False
https://centerforyogala.com/schedule/,200.0,True
https://chevylaurent.com/category/uncategorized/,200.0,True
https://chimes-gopher-kc3p.squarespace.com/blog/tag/fear,200.0,False
https://chiton-semicircle-4gtn.squarespace.com/,200.0,True
https://christie-gera.squarespace.com/store/moondog-yoga-logo-coffee-mug,200.0,True
https://chrysalis-blenny-e6p7.squarespace.com/pages/invisible-illnesses,200.0,False
https://chloesutton.squarespace.com/blog/tag/inner+critic,200.0,False
https://circle-cymbals-hwc5.squarespace.com/shop-1,200.0,False
https://christinebradstreet.squarespace.com/blog/tag/Black+Lives+Matter,200.0,False
https://classpass.no/studios/total-balance-yoga-and-fitness-pittsburgh,200.0,True
https://clicktoselldirectoy.com/website-list-1130/,403.0,False
https://classpass.be/studios/total-balance-yoga-and-fitness-pittsburgh,200.0,True
https://classpass.dk/studios/total-balance-yoga-and-fitness-pittsburgh,200.0,True
https://classpass.se/studios/total-balance-yoga-and-fitness-pittsburgh,200.0,True
https://chinchilla-ray-jc83.squarespace.com/pricing-1,200.0,False
https://clavichord-caterpillar-w4y3.squarespace.com/events-workshops/meditative-painting,404.0,False
https://classpass.de/studios/total-balance-yoga-and-fitness-pittsburgh,200.0,True
https://chicken-antelope-l3wf.squarespace.com/pregnancy-postnatal-pilates,200.0,True
https://connected.linkspreed.com/read-blog/50869_pottery-breakfast-set-mug-and-plate-workshop.html,500.0,False
https://chinchilla-snail-j7af.squarespace.com/home,200.0,True
https://classpass.pt/studios/total-balance-yoga-and-fitness-pittsburgh,200.0,True
https://cofit.ca/tryfitnessforruralwomen,200.0,True
https://coldcowboyclub.com/,200.0,True
https://communityclayworks.com/classes-camps,200.0,False
https://cultivatemeditation.com/weekly-classes,200.0,False
https://cntrlmedia.com/freelancing-101-learn-build-and-grow-with-cntrl-media/,200.0,False
https://cod-trumpet-58e2.squarespace.com/events/reiki1may112024-fm82y-2pzya,404.0,False
https://damaistudiocafe.com/packages-2/,404.0,False
https://clownfish-ladybug-jr7h.squarespace.com/workshopsevents/mandala-workshop-yoga-mindful-drawing,200.0,True
https://coreculturestudio.co.uk/core-at-home/,202.0,False
https://connectedmindbody.net/events/reiki-restore,200.0,True
https://contrabass-lute-h5kw.squarespace.com/workshops-retreats,200.0,True
https://connie-viglietti.squarespace.com/events/2023intentionsym-bxwcr-kfz67-nw4nk-jt6xn-2chkr-4jb8d-wgeln,200.0,False
https://cycascircus.com.au/kids-circus-classes/,200.0,False
https://daughterofsamoa.life/birthwork-offerings,200.0,False
https://dailyremote.com/remote-job/sales-development-representative-3327572,410.0,False
https://courtney-mccarthy-r97j.squarespace.com/blog/2019/8/20/6-ways-yoga-can-bring-more-balance-to-your-workout-routine,404.0,False
https://dancepalace.org/event/from-the-belly-of-the-mother-a-day-long-poetic-dance-experience-with-suhaila-salimpour-nubia/,202.0,False
https://corecontour.com.au/pricing-2/,202.0,False
https://cosmoshealing.org/events-workshops-healing/restorative-meditation-gentle-sounds-reiki-healing-at-ascentiah-healing-center,404.0,False
https://danceworkshop.com.au/dance-classes/heels-classes/,200.0,False
https://deathcafe.com/deathcafe/19742/,200.0,True
https://dance-central.com.au/dc-fit-be-inspired-to-move/,202.0,False
https://crescentcityyoga.com/our-offerings/blog/,200.0,True
https://coyote-daisy-w8kd.squarespace.com/blog/2019/12/20/healthy-tips-for-the-holidays,200.0,True
https://copper-kangaroo-8dre.squarespace.com/workshops/breathwork-june24,404.0,False
https://cornet-rose-97ww.squarespace.com/pilates-reformer,404.0,False
https://deal.town/clayground-group/new-workshop-porcelain-moon-vase-w-evan-davis-PKQZDBEQN,200.0,False
https://cuboid-grasshopper-5w9d.squarespace.com/pricing,200.0,True
https://corerestore.co/treatments/hypertonic-pelvic-floor-treatment-in-caringbah/,200.0,False
https://dahlia-marlin-xjg9.squarespace.com/parties,200.0,False
https://delandpilates.com/,200.0,False
https://coyote-indigo-3475.squarespace.com/the-rx-pelvic-health,200.0,True
https://devotedheartyoga.com/prenatal/,202.0,False
https://cricket-jaguar-jjt4.squarespace.com/pain-relief-online-cohort-course,200.0,False
https://conanfitness.com/group/,200.0,True
https://contrabass-octahedron-nsll.squarespace.com/wellnessbooking,200.0,True
https://crenshawyogaanddance.com/schedule/,200.0,False
https://cowbell-sphere-fyb9.squarespace.com/karma-yoga/a-benefit-for-dogs-and-veterans,404.0,False
https://daronlarson.com/blog/tag/education,200.0,False
https://dachshund-decagon-c4pe.squarespace.com/private,200.0,False
https://destinationwilliamstown.org/event/outdoor-yoga-on-mount-greylock/,202.0,False
https://deer-finch-4kf4.squarespace.com/summer-solstice-celebrate-life,404.0,False
https://clementine-apricot-5xcg.squarespace.com/200-hour-certification,404.0,False
https://edensaltstudio.com/yoga/,200.0,True
https://diversityyoga.co.uk/yoga-breathe/,404.0,False
https://edgartownlibrary.assabetinteractive.com/calendar/off-site-full-moon-yoga-nidra/,,False
https://drivefitnessstudio.com/bootcamp/,202.0,False
https://dinosaur-cuboid-7xb7.squarespace.com/workshops-trainings/birth-story-sharing-circle,200.0,True
https://denim-pentagon-4j3b.squarespace.com/yoga,200.0,True
https://dance-dynamics.squarespace.com/brunswickfoundation,404.0,False
https://ec2-52-39-176-185.us-west-2.compute.amazonaws.com/kids-program/,,False
https://discoveringtara.com/events/rasayoga8/9/24,200.0,False
https://drjack.world/keyword-ranking/1176071/paypal+training+video,200.0,False
https://dogwoodstudioyoga.com/blog/tag/travel+yoga,200.0,True
https://dogwoodstudio.squarespace.com/blog/tag/Neuroplasticity,200.0,False
https://drogadomilosci.com/proces/,200.0,False
https://embodyschool.com/classes-1,200.0,False
https://dottirhotyoga.squarespace.com/workshops,200.0,True
https://dolphin-vanilla-k8sw.squarespace.com/our-prices,200.0,False
https://eggoftheuniverse.com/timetable/,202.0,False
https://downtoearthlondon.co.uk/workshops/,200.0,False
https://eagle-alpaca-bxh2.squarespace.com/field-trips-events/yoga-is-for-the-birds,404.0,False
https://canberrayogaspace.com.au/category/uncategorized/,200.0,True
https://downwarddog.com/class-schedule/,200.0,True
https://do713.com/events/arts-culture-events-houston/2024/01/26,200.0,False
https://earthworm-quillfish-g2gx.squarespace.com/events/yin-sound-july,200.0,True
https://enerjourney.nyc/,200.0,True
https://elk-halibut-99pd.squarespace.com/inward-outward,200.0,False
https://eastriverpilates.com/schedule,200.0,False
https://divinemetime.com/tag/receiving-compliments/,200.0,False
https://embody-breathwork.com/breathwork-events,200.0,False
https://en.trib3.nl/studios/netherlands/amsterdam/rozengracht/,200.0,False
https://elephant-bluebird-xect.squarespace.com/tejas-thoughts/yoga-for-the-teachers-schools-out-for-summer,200.0,True
https://elmotivola.com/events/tango-class-social,200.0,False
https://earthworm-saxophone-epza.squarespace.com/special-promotion,200.0,False
https://earthyogastudio.com/schedule,200.0,True
https://emu-blenny-2ted.squarespace.com/book-yoga,200.0,True
https://ellipsoid-butterfly-cw5b.squarespace.com/blog/category/workout,200.0,False
https://dimitrayoga.com/workshops/,200.0,True
https://do312.com/events/2024/6/21/welcoming-the-summer-solstice-tickets,200.0,False
https://dancemotion.es/nuevo-curso-de-danza-y-baile/,200.0,False
https://epicmotionfitness.com/entertainers-for-hire,200.0,False
https://encompassfitness.ca/schedule,200.0,True
https://events.queencity.bike/event/8b7qom0hs2v2ms1uire0lj0rs0,200.0,True
https://fionaharriswellbeing.co.uk/workshops-%26-events,404.0,False
https://emptynestkitchen.com/blog/shepherds-pie,200.0,False
https://erikabelanger.com/leader-love-respect-pavini-moray/,200.0,False
https://eugeneyoga.us/fullschedule/,200.0,True
https://flowandfood.com.au/classes,404.0,False
https://flowrogue.com/online-class,200.0,False
https://estuaryyoga.squarespace.com/,200.0,True
https://eespamc.org/pemf-appointments,200.0,False
https://dothebay.com/events/lgbtq/2014/10/16,200.0,False
https://dte-yoga.com/2023/01/07/explore-our-diverse-yoga-classes-at-dte-yoga-in-port-saint-lucie/,404.0,False
https://explorebrevard.com/event/nervous-system-reset-via-guided-meditation-and-sound-bath/2024-02-25/,200.0,False
https://fitnessfactorycle.com/,202.0,False
https://es.heightsmeditationyoga.org/events,200.0,True
https://experienceperthhills.com.au/events/radiant-rest-gentle-yoga/,404.0,False
https://forgefitgym.com/pages/group-fitness,200.0,True
https://fitforbliss.com/recipe/yogi-masala-chai/,202.0,False
https://euphoria.zone/packages-1,200.0,False
https://floatculture.co.nz/book-a-float/,200.0,False
https://farcias.com/nia,200.0,False
https://futuredreams.org.uk/breast-cancer-exercise-classes-nutrition-advice-booking/,200.0,False
https://flexstudios.com/our-classes/,200.0,False
https://flowwellnesscenter.org/reiki,202.0,False
https://flexwellnessmn.com/health-wellness,200.0,True
https://flolo.studio/class-teachers/,202.0,False
https://evolveholisticwellness.com/events/yoga-nidra-24-07-30,200.0,True
https://fatgirlstraveling.com/events/,404.0,False
https://evolationyoga.com/online-yoga-classes,200.0,True
https://fitnessresetinfo.com/fitness-with-fetus,200.0,True
https://fit-and-fabulous.squarespace.com/pilates-balance,200.0,False
https://folksf.com/classes/,200.0,True
https://evna.care/keyword-ranking/1665046/yoga+harbord,200.0,False
https://flatworm-crow-28k8.squarespace.com/events/2024-june-somatics-dance,200.0,True
https://freemyme.com/pricing/,202.0,False
https://flow-into-wellness.squarespace.com/gift-cards,200.0,False
http://www.locasciulli.it/lulumon-yoga-mat-k.html,,False
https://georgiahardyexercisephysiology.com/,200.0,True
https://foxysage.squarespace.com/events/soundwavejune,200.0,True
https://floatfitness.co.nz/class-timetable/,404.0,False
https://flowlab.squarespace.com/pricing,200.0,False
https://fairfieldandco.com.au/lighten-up-studio-arm-balance-workshop/,200.0,False
https://gettysburgperformance.com/group-fitness,200.0,True
https://fuchsia-pumpkin-rr4a.squarespace.com/pricing,200.0,True
https://flux-flow.squarespace.com/workshop-calendar,200.0,False
https://flounder-lavender-nbzd.squarespace.com/schedule-returning-lessons,200.0,False
https://gazelle-rhubarb-p5b9.squarespace.com/workshops/yoga-for-runners-week-2,200.0,True
https://fwrdfitness.com/schedule/,202.0,False
https://fun1043.com/ixp/65/p/escape-the-stress-outdoor-yoga-classes-at-milk-honey-ciders-in-st-joe/,200.0,True
https://flamingo-lion-c4wc.squarespace.com/workshops,200.0,False
https://explorelompoc.com/event/goat-yoga-at-blooming-energy-farms/,200.0,True
https://gar-beagle-nbrb.squarespace.com/memberships,200.0,False
https://cricketlive.co.in/domain-list-142,200.0,False
https://glebepilates.ca/home/beechwood-pilates,200.0,False
https://frequencybreathwork.com/studio/,200.0,False
https://gecko-amphibian-z588.squarespace.com/experiences/cacao-yoga-nidra,404.0,False
https://girish-cruden.squarespace.com/tour/2020/7/2/lenox-ma-spiritfest-chant-dance-drum,200.0,False
https://dancemeditation.org/2024/06/6-30-dancemeditation-stoneham-ma/,404.0,False
https://fireflyyoga.squarespace.com/specialevents,200.0,True
https://getlivelynow.com/333-10-years-and-a-truth-bomb/,200.0,True
https://giannayoga.com/schedule/2024/5/29/free-online-class,200.0,True
https://gertrudestreetyoga.com.au/timetable/,202.0,False
https://gloyoganj.com/,200.0,True
https://gar-hyperboloid-8xz8.squarespace.com/events,200.0,False
https://glowpilatesboutique.com.au/the-winter-era-challenge,200.0,False
https://fox-oboe.squarespace.com/cancel,200.0,False
https://goddessportalcoaching.com/,200.0,False
https://hammondyoga.com/,200.0,True
https://glowraleigh.com/recovery,200.0,True
https://globallinkdirectory.com/domain-list-125,200.0,False
https://goyogaexpress.com/edwardsville-schedule/,200.0,True
https://glepilates.com/,200.0,True
https://goodvibesyoga.com.au/events/soundbathjuly2024,404.0,False
https://habitualhealthcollective.com/classes,404.0,False
https://gopher-plantain-t4p9.squarespace.com/memberships,200.0,True
https://goby-oboe-jbj6.squarespace.com/workshops,200.0,True
https://harmonyfamilyyoga.com/book-now/family-classes/,200.0,True
https://halifaxyoga.com/schedules/,200.0,True
https://goodvibesyoga.squarespace.com/trainings/anatomy-training-the-12-troublemakers,200.0,False
https://healthtinity.com/hot-yoga-classes-near-me-singapore/,202.0,False
https://healoxfordwellbeing.co.uk/therapeutic-massage-pain-relief-oxford/,404.0,False
https://haumsf.com/project/drew-kindred-turley-bio/,200.0,True
https://dancersgroup.org/2024/06/lydia-clinton-4-week-intro-to-jazz-fundamentals/,404.0,False
https://green-wedge.squarespace.com/schedule,200.0,True
https://habitualhealthcollective.squarespace.com/classes,200.0,True
https://hamontyogastudio.com/,200.0,True
https://heartstreamyoga.com/current-happenings,200.0,True
https://grouper-papaya-9pmy.squarespace.com/events/blog-post-title-two-sby5n-ynpt6,200.0,True
https://heartandsoulpilates.com/instructors,200.0,False
https://halibut-reindeer-sa6h.squarespace.com/classes,200.0,False
https://half-moon-yoga.squarespace.com/,200.0,True
https://guitar-vuvuzela-sz5p.squarespace.com/events,200.0,False
https://hausofglassdance.squarespace.com/,200.0,False
https://gopiyogacenter.com/,200.0,True
https://greeninkradio.squarespace.com/schaefer-farm-yoga,200.0,True
https://halibut-iris-z85c.squarespace.com/events/yoga-nidra-24-07-30,200.0,True
https://harp-tambourine-wf7y.squarespace.com/services-1,200.0,True
https://global-rank.pages.dev/10/wJAeUQLTjn,200.0,False
https://guava-elk.squarespace.com/new-blog/tag/%23blindadventure,200.0,False
https://gypseaair.squarespace.com/teacher-training-2,404.0,False
https://grey-harpsichord-yre6.squarespace.com/bylpodcast/episode161,200.0,True
https://ground-to-shine.squarespace.com/allcourses,200.0,True
https://heartalchemyhealing.com/events/relaxation-breathwork-moving-galaxy,200.0,True
https://heart-head-hands.com/category/emotional-literacies/page/10/,200.0,False
https://himalayayogaonline.com/members/,200.0,True
https://guava-sailfish-nmnd.squarespace.com/class-packages,200.0,False
https://holycore.co/services,404.0,False
https://h2movement.com/product/yoga-for-caregivers/,200.0,True
https://herring-cymbals-rxc6.squarespace.com/pricing,200.0,True
https://havenyogastudio.com.au/classes-barre-pilates-yoga-yin-classes-sunshine-coast-buderim-studio,404.0,False
https://hellawellwithdanielle.com/,200.0,True
https://hiromiakiyama.com/akashic-therapy,200.0,False
https://hexagon-bluebird-rkx5.squarespace.com/1on1session,200.0,False
https://hotonyoga.com/colorado-springs-co/cos-live-class-schedule/,200.0,True
https://hotyogamassage.com/200-hour-ryt-2020/,200.0,True
https://inpools.com.au/home/,,False
https://humancompass.co.uk/pricing/,200.0,False
https://hexahedron-tambourine-6l3p.squarespace.com/schedule,200.0,True
https://getinshapeforwomen.com/gisfw-westborough/,200.0,False
https://growingharmonywithin.com/OldPsychodramWorkshop.html,200.0,False
https://heron-reed-ryab.squarespace.com/shamanic-soundscapes-june-23,404.0,False
https://jajacircus.com/adult-16%2B-classes,200.0,False
https://herrontownwoods.squarespace.com/events/yoga-2024jun29,200.0,True
https://houseofprana.com/timetable/,200.0,False
https://immigrantfood.com/engage/actnow/,200.0,False
https://jackfmcasper.com/ixp/101/p/summer-schedule-for-yoga-on-the-labyrinth/,200.0,True
https://infinityathletics.us/,200.0,True
https://ja.yogatree.jp/,200.0,True
https://hunterfysio.easyme.dk/events,200.0,False
https://glow.dance/in-studio-timetable/,200.0,True
https://jamesnorthyoga.com/,200.0,True
https://holistichealthandhappiness.com/woman-raises-233000-to-give-90-year-old-veteran-still-working-in-the-heat-the-option-to-retire/,200.0,True
https://intelligent-movement.co.uk/new-events-2/2024/4/25/a-magical-evening-at-purusha-retreats-thursday-25th-april-6-9-pm,200.0,False
https://jobsinjs.com/company/momence?slug1=healthcare-jobs,200.0,False
https://isisrico.org/lulumon-yoga-mat-k.html,404.0,False
https://inspiredbreath.com.au/events/,202.0,False
https://isness-songa.squarespace.com/events/event-two,200.0,False
https://hotyogatrieste.squarespace.com/yin,404.0,False
https://juliaturshen.substack.com/p/7-questions-with-yasmin-fahr,200.0,False
https://integrativehealingandwellness.com/,202.0,False
https://ilovemypilates.com/itzel-raygoza/,200.0,False
https://jaipureyoga.com/classes/schedule/,200.0,True
https://jeffrey-warren-iknx.squarespace.com/events/summer-solstice-soundbath-24,503.0,False
https://humankindstudios.com.au/adelaide-city/,200.0,True
https://honesthaven.studio/sup-yoga-teacher-training/,200.0,True
https://jenniecohenyoga.com/workshops/2024/6/7/balancing-clinic-ihy-brattleboro-vt-zxl22,200.0,False
https://inachicago.com/memberships-packages/,200.0,False
https://jewelleryquarter.net/event/sound-bath-experience/,200.0,False
https://jeffreycharleswarren.com/events/summer-solstice-soundbath-24,200.0,True
https://jessmackenzie.yoga/events,200.0,True
https://journeytowholeness.org/holistic-service-offerings/,202.0,False
https://jan-hanus.squarespace.com/investments,404.0,False
https://bluelotusliving.net/adventures/,522.0,False
https://igniteyoga.jp/news_type/the-om-collective/,200.0,True
https://karve.ae/gift-card/,200.0,True
https://jobs.onevc.vc/companies/momence?q=Front+End+Engineer,200.0,False
https://k2radio.com/summer-schedule-for-yoga-on-the-labyrinth/,200.0,True
https://kate-brouwer-7hw5.squarespace.com/news/2022/3/24/new-hand-building-workshop-nerikomi-with-robyn-daly,404.0,False
https://journeyinyoga.com/workshops/,200.0,True
https://jomitchell.yoga/yoga-classes/teen-yoga/,202.0,False
https://katherine-ostrout-75tj.squarespace.com/how-to-book,200.0,False
https://jenny-anania.squarespace.com/new-page-29,200.0,False
https://hotyogatrieste.com/prenota,404.0,False
https://kapwithstella.squarespace.com/schedule/group-session-san-francisco-lwyja-t5j7t-yjdp5-c7an5-3nwyk-k3m6r-bm7rn,200.0,False
https://breathnbodyearth.com/post/yoga-teacher-training-what-a-journey,,False
https://kfilradio.com/ixp/65/p/escape-the-stress-outdoor-yoga-classes-at-milk-honey-ciders-in-st-joe/,200.0,True
https://karmacoco.com/yoga-workshops,200.0,True
https://kaiyogastudio.squarespace.com/special-event-class/2023/4/8/moon-circle-with-megan-ianni-xle2n-aghfc-p2yn3,404.0,False
https://ilovecreatives.squarespace.com/ads?offset=1634751527246&category=Workshop,200.0,False
https://kdhlradio.com/ixp/65/p/escape-the-stress-outdoor-yoga-classes-at-milk-honey-ciders-in-st-joe/,200.0,True
https://kazoo-iris-3pgb.squarespace.com/services-6-1,200.0,False
https://kateporteryoga.com/classes/restorative-monthly-special/,200.0,True
https://justfootballacademy.com.au/2016/02/01/what-kind-of-coach-are-you/,200.0,False
https://katarina-rayburn-ptgt.squarespace.com/pricing,200.0,False
https://katarina-rayburn-8xly.squarespace.com/events/2024/7/14/mid-summer-yoga-supper,200.0,True
https://jessica-caplan-xwgz.squarespace.com/trainings/2024/5/31/sound-and-song-a-voice-centric-sound-immersion,200.0,False
https://jumpingsingapore.com/services/jumping-fitness-classes-jumping-singapore/,200.0,True
https://keyboard-flounder-zj9r.squarespace.com/events/chakra-balancing-workshop,200.0,False
https://junglegym.ninja/untamed,200.0,False
https://keyboard-armadillo-ma6d.squarespace.com/free-workshops,200.0,True
https://kajol.pw/domain-list-142,200.0,False
https://kefistudiopilates.com.au/guidelines,200.0,False
https://katiebsmith.com/kundalinimeditation/,404.0,False
https://iyoga.co.nz/book/,200.0,True
https://kelly-heath-yoga.squarespace.com/single-post/the-office-yoga-series-part-2-episode-2-stretching-our-hands-amp-wrists,404.0,False
https://ignitesadhana.com/events/,200.0,False
https://lexikristan.com/,200.0,False
https://iyiny.org/events/get-read-and-swap-threads-for-pride/,200.0,True
https://kickfitct.com/fitness-classes/Connecticut/Brookfield-Now-Open!-/6921,200.0,True
https://krfofm.com/ixp/65/p/escape-the-stress-outdoor-yoga-classes-at-milk-honey-ciders-in-st-joe/,200.0,True
https://kisscasper.com/ixp/101/p/summer-schedule-for-yoga-on-the-labyrinth/,200.0,True
https://leagues.bluesombrero.com/Default.aspx?tabid=1010571&portalid=11596&mid=1088446&newskeyid=HN1&ctl=viewallnews,403.0,False
https://krforadio.com/ixp/65/p/escape-the-stress-outdoor-yoga-classes-at-milk-honey-ciders-in-st-joe/,200.0,True
https://kinetika.surf/oferta,200.0,False
https://lgba.com/summer-carnival/,200.0,False
https://kinkhouseofo.com/index.php/upcoming-events/,200.0,False
https://leverden.co/pages/the-ultimate-tarot-workshop,200.0,False
https://kimraring.com/journeydance,200.0,False
https://livingroomyoga.biz/services/yoga/,202.0,False
https://lcyoga.com/schedule,200.0,True
https://iwd406.com/events/sexyheelspopupeventriodancestudio/,200.0,False
https://ktsnutrition.com/author/bh5ve/,200.0,False
https://luckyelephantyogaandwellness.com/yoga-therapy,200.0,True
https://liveyogawellness.com/class-schedule/,200.0,True
https://lifestylefitness.com.au/group-classes/circuit/,200.0,True
https://londonpilates4u.com/,200.0,False
https://koi-sparrow-jb2n.squarespace.com/services,200.0,False
https://lanternfish-bumblebee-t8jd.squarespace.com/,200.0,True
https://laura-barton-8nhy.squarespace.com/blog/2019/4/5/somatic-voice,200.0,False
https://launchpadfitness.com/,200.0,True
https://lumeriayoga.com/sauna-detox/,202.0,False
https://kristen-andersen-rbnh.squarespace.com/newclients,200.0,True
https://lolabroomhall.com.au/workshops,200.0,False
https://leelayogalifestyle.com/new-ribbon-platform-information/,404.0,False
https://koala-plum-25r8.squarespace.com/events/event-two-3nd6z-gygwx,200.0,True
https://lasolasboulevard.com/event/summer-solstice-flow-with-the-sound-of-tribal-drumming-2/,404.0,False
https://longwaveyoga.com/,200.0,True
https://lime-caper-5zan.squarespace.com/news/adult-ballet-classes-london-newton-abbot-devon,200.0,True
https://linkwebdirectory.com/domain-list-125,200.0,False
https://lolabroomhall.squarespace.com/workshops,200.0,False
https://laketahoethisweek.com/bliss-experiences/events/sound-bath-crystal-bowls,200.0,False
https://liftyogastudio.com/dunwoody-schedule-classes/,200.0,True
https://lumosyogaandbarre.squarespace.com/packages,200.0,True
https://lovesupremeprojects.com/events,200.0,False
https://luciepotteryoga.co.uk/class/wildsong-nidra-early-summer-sanctuary/,200.0,True
https://largsbayhealthandyoga.com/,200.0,True
https://lychee-grape-zb7w.squarespace.com/release-restore-reform,404.0,False
https://liberalarts.oregonstate.edu/sps/contemplative-studies/marigold/upcoming-events/dancelab,200.0,False
https://laurensyoga.com/yoga-teacher-training-ytt/,200.0,True
https://longevitytrainingclub.com/,200.0,False
https://kundaliniyogacollective.co.uk/schedule/classes/,200.0,True
https://luis-medina-7c6p.squarespace.com/events,200.0,False
https://luxfitsf.com/services/group-classes,200.0,True
https://lunaryogacenter.com/,200.0,True
https://kundalinihouse.com.au/event/kundalini-yoga-5-day-intensive-journey-through-the-chakras-with-mia-joti-tajgeet/,404.0,False
https://kulabody.com/event/find-your-voice/,404.0,False
https://maboutiqueyoga.fr/content/reservation-cours-de-yoga.html,200.0,True
https://magnoliayogastudio.com/,200.0,True
https://mandalastudio.com.au/yoga,200.0,True
https://lychee-tunny-z7lh.squarespace.com/soul-athletic-merch/p/pink-pilates-grip-socks,200.0,True
https://maven-movement.com/that-80s-show,200.0,False
https://majormovement.com.au/biosite/,200.0,True
https://mimedia.in/read-blog/22775_pottery-breakfast-set-mug-and-plate-workshop.html,200.0,False
https://heightsites.com/event/fort-tryon-park-caminata-de-meditacion/,200.0,False
https://maddancehousebne.squarespace.com/home,200.0,False
https://m-cap.com.au/reformer-pilates/,200.0,False
https://magma.center/event/somatics-ballet-workshop/,404.0,False
https://lumenwruc.edu.au/bellas-success-story/,200.0,False
https://milled.com/leverden.co/waking-dreams-x-leverden-xgIEUKzfO18IsR95,403.0,False
https://magenta-finch-sjrx.squarespace.com/classes/abtjek6ermlz98l-kh4ct-b3cd7-58m8w-mh5bz-ba42z-d8mat-t7hbm-jf668-gpjnt-npae4-jlpdw-,404.0,False
https://micayoga.co.uk/treatments,200.0,True
https://make2ndscount.co.uk/support/community/tea-and-a-chat/tea-and-a-chat-future-dreams-house-london,200.0,False
https://mindfulmovementspilates.com/services/group-classes/,403.0,False
https://mindfulmusehealing.com/,200.0,True
https://moodbodyhouse.com/inscripci%C3%B3n-challenge,200.0,False
https://minnesotanow.net/ixp/65/p/escape-the-stress-outdoor-yoga-classes-at-milk-honey-ciders-in-st-joe/,200.0,True
https://mandy-cregan.squarespace.com/pilates,200.0,False
https://lifespanpilates.com/new-start-here,200.0,True
https://mandarin-falcon-rd8l.squarespace.com/plans,200.0,False
https://mmmfitclub.com/,200.0,False
https://mccallpilates.com/schedule/,202.0,False
https://merchantcityyoga.com/yoga-classes-glasgow,200.0,True
https://marlin-goldfish-mcex.squarespace.com/,200.0,False
https://maracas-octagon-4bxz.squarespace.com/blog/shepherds-pie,200.0,False
https://minnesotasnewcountry.com/escape-the-stress-outdoor-yoga-classes-at-milk-honey-ciders-in-st-joe/,200.0,True
https://mycomunidad.org/,200.0,True
https://meredith-sills-dsdt.squarespace.com/events/2024/greenhouseslowburnmininidra,200.0,True
https://mellulah.co.uk/book-your-yoga-classes,404.0,False
https://moonshine.yoga/,200.0,True
https://migentedmv.com/events/latin-dance-night-9/,503.0,False
https://mywholistics.com/author/marrrah09/,200.0,False
https://megalodon-ranunculus-2s7f.squarespace.com/class-packs,200.0,False
https://mighty-yoga.squarespace.com/events/sf-restore,200.0,True
https://naturalfit.co.nz/gym-membership-2/,200.0,True
https://mayflower-blueberry-rkcj.squarespace.com/blog/how-pilates-can-reduce-stress-and-anxiety,200.0,False
https://mercury.com.mt/events/internationalyogaday/,404.0,False
https://members.evergreenchamber.org/events/details/women-s-circle-06-26-2024-93524,200.0,True
https://mindful-movement-5ev2.squarespace.com/rates,200.0,False
https://nadiaraafat.com/book-a-class/,200.0,False
https://mqhgreenvale.catholic.edu.au/major-movement/,200.0,False
https://marellafyffe.com/book-classes/somatics/,200.0,True
https://mintmat.com/events/blog-post-title-two-sby5n-ynpt6,200.0,True
https://miziro.ru/wfhmp1/158/p7,200.0,False
https://news4max.in/outdoor-yoga-classes-at-milk-honey-ciders/,,False
https://mouse-echidna-4aln.squarespace.com/pricing,200.0,True
https://moriah-arnold-9481.squarespace.com/events/2024/6/24/free-community-class-ribbon-cutting,200.0,True
https://naydayoga.com/,200.0,True
https://magnoliawellnesstx.com/book-now,200.0,True
https://muse-movement-new.squarespace.com/blog/what-to-expect-in-a-muse-class,200.0,True
https://mylivingyoga.com/schedule/,200.0,True
https://mysoremelbourne.com/purchase-casual,404.0,False
https://matakanacoastapp.com/Event/yin-yoga-nidra-winter-solstice-with-wendy-rebecca/666b9af1607fd50029b77f9c,200.0,False
https://mouse-glockenspiel-ha3p.squarespace.com/events/playful-alignment-a-masterclass-on-hips,200.0,True
https://neilwilkins.online/category/mindful_marketing/page/40/,200.0,False
https://nashvilleguru.com/163461/sunset-yoga-at-bicentennial-capital-mall-park,200.0,True
https://nadiwellness.co.nz/yoga-queenstown-nadi-wellness,200.0,True
https://mountain-kula-yoga.squarespace.com/events/summersolstice,200.0,True
https://mybeyondworlds.com/about-us/ethical-crystal-store-certified-healing-practitioner-and-psychic-medium-in-southern-california-6376053,200.0,False
https://newsletter.wordloaf.org/p/friday-bread-basket-32522/comments,200.0,False
https://mykrystalshop.com/privacy-policy,200.0,False
https://nlpsynplus.com/el/about-me/natal-ki-menu.html,404.0,False
https://marquisfarwellhomes.com/blog/sonoma-county-events-for-june-2024,200.0,False
https://nianticyoga.com/,200.0,True
https://neighborhoodbarre.com/schedule/baton-rouge/,200.0,True
https://newvibeyoga.squarespace.com/pricing,200.0,True
https://one4pilates.com/terms-%26-conditions,200.0,False
https://fortlauderdalemagazine.com/event/pilates-party-funk-flow-fort-lauderdale/,200.0,False
https://nectar-yoga.squarespace.com/retreats/dayretreat,200.0,True
https://newmissionyoga.com/,200.0,True
https://nashvillehumane.org/event/yoga-with-rescue-dogs/,200.0,True
https://nojudgementrpilates.com/meet-the-team/,200.0,True
https://ontheballaussies.com/x/cdn/?float.clinic/prices-and-packages/,200.0,True
https://mz9sports.co.uk/contactschedule/,200.0,False
https://nfk.currents.news/p/today-nfk-grass-domes-early-days-housing,200.0,False
https://oils.earth/products/connecting-with-essential-oils-workshop,404.0,False
https://ohanawellnessnh.com/yoga/,202.0,False
https://north-node-space.squarespace.com/facilitators,200.0,True
https://nonagon-dachshund-znlk.squarespace.com/pilates,200.0,True
https://ocelot-coconut-4cp7.squarespace.com/gift-cards,200.0,False
https://om-oasis-studios.squarespace.com/upcomingevents/franklin-method-workshop,200.0,False
https://octopus-sapphire-3a23.squarespace.com/summer-schools-workshops,200.0,False
https://mindbodysoulcenterpi.com/,200.0,True
https://officialinspirationiskey.com/inspiration/do-something-for-your-future,200.0,False
https://novoyoga.com/classes,200.0,True
https://oboe-puma-nx8e.squarespace.com/events/10-hour-hands-on-adjustment-training-with-sally-smith,404.0,False
https://outpatients.org.uk/2024/06/11/weve-launched-a-new-breast-cancer-peer-support-group/,200.0,False
https://oleander-armadillo-fnbt.squarespace.com/disclaimer,200.0,True
https://omshantiyoga.org/schedule,200.0,True
https://octagon-sawfish-jajt.squarespace.com/workshops-retreats/full-moon-cacao-ceremony-with-ecstatic-dance-meditation,404.0,False
https://openspacesmindfulmovement.com/,200.0,False
https://outhereyoga.com/pages/schedules-pricing,200.0,True
https://onpointpilatesstudio.com/schedule/,200.0,False
https://omshantiyoga.squarespace.com/workshops-events,200.0,True
https://nourishedwithnatalia.life/,200.0,True
https://opossum-cranberry-6434.squarespace.com/baby-massage-courses,200.0,True
https://omdayhoian.com/schedule,200.0,True
https://onyxyogastudio.com/schedule/,200.0,True
https://orange-seadragon-c82z.squarespace.com/pricing,200.0,False
https://organicyogastudio.com/new-students/,200.0,True
https://otiumstudios.com/savannahschedule,200.0,True
https://onlinemeditationevents.com/class/kids-meditation/,200.0,False
https://omyogatucson.com/schedule-class/,200.0,True
https://orchid-harp-c33p.squarespace.com/200hrtt,200.0,False
https://pensacola.momcollective.com/in-around-pensacola/pensacola-mom-collective-summer-camp-guide/,403.0,False
https://orthdx.squarespace.com/ninjawarrior,200.0,True
https://niajae.mykajabi.com/BlissBar,200.0,True
https://panawellness.squarespace.com/bpoc-yoga,200.0,True
https://paige-berlingmackenzie.squarespace.com/events-summary,200.0,True
https://oval-grouper-wzhx.squarespace.com/massage,200.0,True
https://oxana-merkulina.squarespace.com/yoga-for-beginners/tag/yoga+poses,200.0,True
https://pilatescenterofchicago.com/6-week-intro-to-equipment,200.0,False
https://papaya-dog-h4fg.squarespace.com/events,200.0,False
https://pilatesliveonline.org/plo-partner-classes,404.0,False
https://paradise-pilates.com/memberships,200.0,False
https://peteryoga.com/store/p/pwy-hat,404.0,False
https://pilatays.com.au/pricing,404.0,False
https://parakeet-scarlet-tkdw.squarespace.com/special-events/sober-curious-circle-sedona-house-n8jcg,200.0,True
https://pilates-society.com/book-semi-private,404.0,False
https://parrotfish-point-jkh3.squarespace.com/studio-schedule,200.0,False
https://peoplesyogaa.squarespace.com/our-classes-copy,200.0,True
https://paulineogrady.com/cacao-ceremony-1,200.0,False
https://peteryoga.squarespace.com/events/five-days-of-fire,404.0,False
https://oshunyoga.squarespace.com/shop/p/4-week-intro-offer,200.0,True
https://pentagon-pug-am45.squarespace.com/group-lessons,200.0,False
https://papaya-sprout-bl3s.squarespace.com/kids-yoga,200.0,True
https://paragym.com/fr/,200.0,False
https://pigeon-tuatara-ehgy.squarespace.com/groups-support/caring-for-caregivers-online,200.0,True
https://pilatesinnerstrength.com.au/,200.0,False
https://penguin-horse-rx4r.squarespace.com/pricing,200.0,False
https://parrot-maroon-92me.squarespace.com/rehabandrestore,200.0,False
https://piano-trumpet-nrea.squarespace.com/instructors-1,200.0,True
https://pigeon-coyote-pkdb.squarespace.com/blog?offset=1673229960840,200.0,True
https://payapa.yoga/,200.0,True
https://physique57.com/nyc/uptown-barre-studio/,200.0,False
https://pineapple-shark-el4g.squarespace.com/restorative-health-classes,200.0,True
https://parsnip-turbot-7zn6.squarespace.com/im-new-here,200.0,True
https://pilates-uddannelsen.dk/6-dage-med-inspiration-til-din-sommertraening/,200.0,True
https://odysseymvmt.com/category/sustainability/,200.0,False
https://oakbluffslibrary.org/event/hold-for-sleep-yoga/,200.0,True
https://pilates.therxmovement.com/the-rx-pelvic-health,200.0,True
https://pilgrimyoga.com.au/timetable/,200.0,True
https://pineapple-yellow-swye.squarespace.com/events-1/tea-and-meditation-with-rebecca-poole,200.0,True
https://purepilatesbarrie.com/quick-links,200.0,False
https://physique57india.com/,200.0,False
https://porcupine-tan-m3r3.squarespace.com/events/soulhousechicago,404.0,False
https://powerofpilates.co.uk/newstudio.html,200.0,False
https://power96radio.com/ixp/65/p/escape-the-stress-outdoor-yoga-classes-at-milk-honey-ciders-in-st-joe/,200.0,True
https://plantain-flugelhorn-l4fh.squarespace.com/blog/tag/intro+offers,200.0,True
https://plane-wolverine-wa3p.squarespace.com/upcoming-events,200.0,False
https://poddtoppen.se/podcast/1565516017/the-secret-witch-show/how-burnout-can-be-a-portal-to-connecting-with-your-magic-and-gifts,200.0,False
https://porpoise-sunfish-dlfd.squarespace.com/events,200.0,True
https://pony-sweat.squarespace.com/pony-shop/p/pony-sweat-sticker-die-cut,200.0,False
https://nexttravel.in/domain-list-117,200.0,False
https://pointenation.com.au/level3,200.0,False
https://positivelyputney.co.uk/offers/,200.0,False
https://pushnawellness.com/paddleboard-sup-yoga/,200.0,True
https://pomegranate-leopard-dsrd.squarespace.com/prices,200.0,False
https://polepressuredc.squarespace.com/specialevents,200.0,True
https://postureandmobility.com/gettingtothecoreoftheproblem,200.0,False
https://prsabluegrass.org/event/communicating-opportunity-west-louisville-beyond/,200.0,False
https://r3formstudio.co.uk/cambridge/,200.0,False
https://priyan.yoga/events/yttc-batch-12-qna,200.0,True
https://pumpkin-ladybug-abcz.squarespace.com/drop-in,200.0,False
https://radianceyogagreensboro.com/schedule/,202.0,False
https://pryntsevballet.com/adult-classes,200.0,False
https://puma-primrose-grpn.squarespace.com/workshops-and-courses/ashtanga-yoga-5-day-mysore-self-practice-intensive-with-rose-ann-mcke,404.0,False
https://rachel-wilkins-iepn.squarespace.com/ritual-flow-summer-solstice,404.0,False
https://polestarpilates.co.nz/,200.0,False
https://pumpkin-hibiscus-trbj.squarespace.com/course,404.0,False
https://quillfish-haddock-gbkg.squarespace.com/pricing,200.0,True
https://prism-clarinet-caye.squarespace.com/pre-postnatal,200.0,False
https://reachphysiotherapy.com/team/jen-woolridge/,200.0,False
https://radiant-lotus.weebly.com/3pyogi.html,200.0,True
https://pilatesflow.uk/private-training/,200.0,False
https://r8hfc.com.au/,200.0,True
https://pushmarkham.com/mommy-and-me/,200.0,True
https://raretopsitesdirectory.com/website-list-1130/,403.0,False
https://qkddwhyc.top/studios/total-balance-yoga-and-fitness-pittsburgh,200.0,True
https://raviana.com/event/kundalini-yoga-for-special-days-with-ravi-singh/,202.0,False
https://purple-indigo-6w8m.squarespace.com/event-calendar,200.0,True
https://lotuslandyogasf.com/schedule/,200.0,False
https://re-set-pause.com/yoga_retreats_and_workshops/,200.0,True
https://purple-yellow-d2z6.squarespace.com/privacy-policy,200.0,False
https://redmondirishmusic.com/lessons/,412.0,False
https://puja-yoga.com/evento/formacion-yoga-restaurativo-profesores-nivel-1-25h-strandhill-enero-2023/,200.0,True
https://rectangle-trombone-fep8.squarespace.com/portugalalgarveaprilandjune2024,404.0,False
https://roguebjjstudios.com.au/membership-and-pricing,404.0,False
https://ranunculus-nonagon-ejaj.squarespace.com/marcelamiceli,200.0,False
https://praxipilates.com/,200.0,False
https://readysetgrow.squarespace.com/testimonials-2?offset=1593056569604,200.0,True
https://reviveyogalondon.com/blog/category/pilates,404.0,False
https://red-synthesizer-phkr.squarespace.com/blog/client-spotlight-sarac,200.0,True
https://rcpandw.squarespace.com/wellness-services,200.0,True
https://radish-fiddle-29nn.squarespace.com/merch/p/t-shirt,200.0,True
https://recorder-reindeer-7ys2.squarespace.com/garden-party2024,404.0,False
https://radish-potato-hh9s.squarespace.com/blog?offset=1605285000968,200.0,False
https://reindeer-chiton-6ed6.squarespace.com/events/full-strawberry-moon-yoga-event,200.0,True
https://risebarrepilates.squarespace.com/prices-momence,200.0,False
https://risewellnesscollective.org/rise-yoga-schedule,200.0,True
https://radicaldevotion.no/home,200.0,False
https://reposeyoga.com.au/location/oakleigh/,200.0,True
https://ptaw.net/,200.0,False
https://reformerpilatesalgarve.com/,200.0,False
https://r3reform.com.au/buy-classes/,200.0,False
https://risegolden.squarespace.com/yin-yoga-training,404.0,False
https://oonacares.com/classes-workshops/newborn-care/,200.0,False
https://ramayogainstitute.com/new-york/,200.0,True
https://refuge-aerial-demo-site.squarespace.com/resources/category/Member+Resources,200.0,False
https://recorder-shallot-gly5.squarespace.com/events/peaceful-mind-radiant-heart-a-4-week-meditation-program,200.0,True
https://restfulwaters.org/sound-healing-perth/,200.0,False
https://rock967online.com/ixp/101/p/summer-schedule-for-yoga-on-the-labyrinth/,200.0,True
https://rubyhoy.com/kevin-burke,200.0,False
https://ruby-chandler-st24.squarespace.com/store?category=True+North,200.0,True
https://ritualmade.squarespace.com/resources,200.0,True
https://ritual-fitness.com.au/,200.0,True
https://rememberyourwings.com/wheel-of-the-year-ceremony-spring-equinox,200.0,False
https://round-cranberry-ddhl.squarespace.com/backbend-workshop,200.0,True
https://redlandsbarre.com/,200.0,False
https://rhubarb-decagon-dc4k.squarespace.com/events/sussex,200.0,True
https://saltarahealing.com/biomat-%2B-pemf,200.0,True
https://riverflowyogacolumbus.squarespace.com/events-2/frequency-a-solstice-sound-experience,200.0,False
https://sacredtones.co.uk/pages/thimela-garcia,200.0,False
https://rollerfit.com.au/gold-coast-clear-island-waters/,202.0,False
https://ruby-mouse-ajjy.squarespace.com/short-order/tag/dessert,200.0,False
https://samdyllon.com/2024/05/31/finding-solace-on-the-mat-how-yoga-can-help-you-navigate-grief/,200.0,True
https://reformingfoundations.com/locations/berkley/,404.0,False
https://restoreyogaandwellness.com/,200.0,True
https://seohelperdirectory.com/website-list-1130/,403.0,False
https://savannahyoga.com/class-schedule/,200.0,True
https://scarboroughlive.com.au/whats-on/,200.0,False
https://sadayoga.co.uk/classes/,200.0,True
https://riseinmovement.com/online-studio/,200.0,False
https://serendeputy.com/margaritas,503.0,False
https://sharedspaceyoga.com/,200.0,True
https://risinggoddessfitness.com/class-schedule/,200.0,True
https://scientificsomatics.com/Classes/,200.0,False
https://sandiegocurrents.com/category/cloud-prwire/page/308/,200.0,False
https://savageyogastudios.com/wellness-services/,202.0,False
https://salmon-ferret-4ksk.squarespace.com/priscilla,200.0,False
https://samashaktiyoga.squarespace.com/sound?itemId=zadgdf16rdiwwvxe5hh1vcee8dj42i,200.0,True
https://ryanyogawellness.squarespace.com/,200.0,True
https://sarahjayne-portelli-bc45.squarespace.com/news/category/Rebbon+Experiences,404.0,False
https://seespotrescued.org/events/dog-days-of-summer,200.0,False
https://seahorse-bumblebee-5w3b.squarespace.com/workshops,200.0,True
https://saorsa-1875.squarespace.com/events,200.0,True
https://sanchezstreetstudios.com/retreats,200.0,True
https://serenityyogawellness.com/events/arm-balance-workshop,200.0,True
https://sapphire-pug-l49g.squarespace.com/theboundsessionbook,404.0,False
https://scarlet-mustard-gzk9.squarespace.com/events/yoga-for-cyclists,200.0,True
https://scout-pilates.squarespace.com/pricing,200.0,False
https://seabass-rhombus-njdw.squarespace.com/parents-night-out,200.0,False
https://rumble.com/v4ixojo-twin-flame-collective-wow-this-set-of-twin-flames-coming-into-union-fast.html,200.0,False
https://shinedeepshinebright.com/blog/blog-post-title-two-m3cp5,200.0,False
https://simplycommodities.com/milk/outdoor-yoga-classes-at-milk-honey-ciders/,200.0,False
https://skydancepolefitness.com/events,200.0,True
https://sara-comrie-9c9l.squarespace.com/classes,200.0,True
https://sheep-impala-g3k5.squarespace.com/yoga-students,200.0,True
https://justbreathelacombe.com/,,False
https://shop.sunnymarymeadow.com/event/sunrise-yoga-in-the-meadow-with-shanti-yoga/2023-08-24/,200.0,False
https://shanti-yoga-center.squarespace.com/gift-cards,200.0,True
https://sandi-anderson-7kns.squarespace.com/blog/2020/9/30/october-is-breast-cancer-awareness-month-hello-from-houston,200.0,True
https://rochesterparkour.com/,200.0,False
https://sawfish-banjo-l7pw.squarespace.com/blog-2-1/tag/Workout+Buddy,200.0,False
https://smartfitnessstudio.com/special-events/a-juneteenth-super-saturday-celebration-brunch,200.0,True
https://siteqa.tergar.org/communities-and-practice-groups/find-a-center-or-group/nashville-practice-group/,403.0,False
https://shows.acast.com/5a5fdec3a4d96aa520f89227/episodes/premium-somatic-practice-anger,200.0,True
https://scspilates.com/class-schedule/,200.0,False
https://skysthelimityogaco.com/schedule,200.0,False
https://shaktinj.com/,200.0,True
https://socialyta.com/2021/05/09/website-list-1130/,403.0,False
https://sevantiinstitute.com/swc/sw-team-practitioners/james-bailey/,404.0,False
https://soundofomyoga.com/,200.0,True
https://sivaroshan-backend.squarespace.com/events/the-original-self-jan-enmwy-cmlbe,200.0,False
https://southernboomcrossfit.com/general/saturday-6/,403.0,False
https://simply-yoga-fitness.squarespace.com/workshops/ryc-6week,200.0,False
https://singer-mayberry.squarespace.com/teacher-training,200.0,True
https://somayoga-freiburg.de/,200.0,True
https://softstudiomelb.com.au/book,200.0,False
https://smikledancestudio.com/summer-schools-workshops,200.0,False
https://sfwellbeingfair.com/,200.0,False
https://soarstudios.ca/schedule/,200.0,False
https://somalingua.de/newsletter-eintragung-erfolgreich/,200.0,False
https://soulindance.com.au/for-beginners/,200.0,False
https://solcietyfit.com/,200.0,True
https://studiobpilates.net/getting-started,200.0,False
https://studiofinesseonline.com/kettlebell-programs,200.0,False
https://soelcollective.com/offerings,200.0,False
https://soul-space.squarespace.com/events,404.0,False
https://studio-fondue.com/retail/nagnata/,200.0,False
https://stonesthrowyoga.com.au/book/,403.0,False
https://soukstudio.com/,200.0,True
https://sobepilates.com/,200.0,False
https://solmoves.com.au/classes/,202.0,False
https://soteriapilates.com/blog/embracing-perimenopause-with-pilates-a-path-to-strength-and-balance,200.0,True
https://soultribeshtx.com/alchemy-sound-bath,200.0,True
https://sharingyoga.com/,200.0,True
https://sherwoodqueenstown.nz/accommodation/two-bedroom-apartment,200.0,False
https://soulcialmotiongroupfitnessstudio.com/,200.0,True
https://spaces-between.squarespace.com/events/adjusting-your-crown-yin-yoga-acupuncture,200.0,True
https://soulflowchicago.com/services,200.0,False
https://springtail-oboe-jzy4.squarespace.com/pricing,200.0,True
https://stacyconlon.com/,202.0,False
https://soulhaven-yogapilates.squarespace.com/sauna-terms-and-conditions,200.0,True
https://sou-livre.com/horarios-y-reservas/,200.0,False
https://stingray-frog-e4th.squarespace.com/retreats/springtimecommunitykirtan-65snk-fkhjj-9js6a,404.0,False
https://sprout-dinosaur-m76h.squarespace.com/joinnow,200.0,True
https://studio-eleven.squarespace.com/classes,200.0,False
https://sonyalyn.com/schedule/,200.0,True
https://stratfordecologicalcenter.org/summer/,200.0,False
https://squid-emu-5en8.squarespace.com/new-members,200.0,True
https://studiowest614.com/studio-rental/,200.0,False
https://staceystufflebeam.com/meet-the-members-say-hi-to-sue/,200.0,True
https://team-surf.com/boat-cruise,404.0,False
https://taspenshealingcenter.com/pages/yoga-sign-up,200.0,True
https://stretchmedstudios.com/stretchmed-bentonville-memberships/,200.0,False
https://shopaspenacademy.com/product/team-speed/,,False
https://studioroninyoga.com/events/2023/8/27/hei-day-silent-disco-pool-party,200.0,True
https://suffolkhotyoga.com/teacher-training/,200.0,True
https://studiotwentytwowindsor.ca/events,200.0,True
https://tensionmtl.ca/fr,200.0,True
https://thefitnessvault.co.uk/pilates-price-list,200.0,False
https://studiobtn.fitness/group-training-brighton/,200.0,True
https://the-yoga-plant.com/,200.0,True
https://theinnerlightyogi.com/offerings,200.0,False
https://sunflower-frog-kjfz.squarespace.com/burnandbloom,200.0,True
https://sunflower-koi-9zdb.squarespace.com/events/mandeville-la-finding-harmony-within-retreat-with-katelyn-sonnier-and-lissee-spiller-explorin,404.0,False
https://sunflower-grasshopper-fjb8.squarespace.com/renovation-phase,404.0,False
https://sturgeon-fox-hlmz.squarespace.com/blog/get-started,200.0,False
https://sweatclubinc.ca/sweat-run-club,404.0,False
https://sunseastudio.squarespace.com/,200.0,True
https://t-lovers.com/calendar-of-events/2024/6/28/tea-and-cello-journey,200.0,False
https://tambourine-bobcat-3trb.squarespace.com/new-pricing-preview,200.0,False
https://tarotcardsreaders.com/libra-pulling-back-the-veil-of-illusion-gets-you-what-you-want-most-july-2024-tarot-reading/,200.0,False
https://synthesizer-begonia-k6ct.squarespace.com/schedule,200.0,False
https://tambourine-chipmunk-ld47.squarespace.com/journal/embodying-flow,200.0,True
https://sunsetstudioca.squarespace.com/teacher-training,200.0,False
https://swan-piccolo-dhxx.squarespace.com/2025-nepal-pilgrimage-vanessa-giuliana,200.0,True
https://studiospin.net/blog/page/7/,200.0,False
https://thefifthdance.squarespace.com/workshops-2/absolutebeginnerballetwithsamsunday-gha2e,200.0,False
https://sunsetstudio.ca/teacher-training,200.0,False
https://tctsy.squarespace.com/foundations,200.0,True
https://thefoundryyoga.com/thousandoaks,200.0,False
https://the-fitnesscentre.ca/,200.0,True
https://theceramichouse.studio/studio-sessions,200.0,False
https://thegoodflow-yoga.com/formation-de-professeur-de-yoga-comment-bien-la-choisir/,200.0,True
https://thenurturedspirit.co/pages/schedule,200.0,True
https://templefitnessfw.com/studentathlete2024/,404.0,False
https://theluumaclub.com/,200.0,True
https://sunsetstudiophillipisland.com/yoga-and-personal-training-plans,200.0,True
https://theflowstudio.co/singapore/pricing/,200.0,True
https://thefitatlanta.beehiiv.com/p/love-week,200.0,False
https://tetra-icosahedron-m37p.squarespace.com/membership-classes,200.0,True
https://themomleague.org/playgroups,200.0,False
https://theintelligentcore.com/booknow/,202.0,False
https://suenosdesalsa.com/performance-teams/,200.0,False
https://terrier-gecko-9x6h.squarespace.com/1-1sessions,200.0,False
https://the-pilates-place.squarespace.com/blog/pilates-breathwork-lungcapacity-timonium,200.0,False
https://suryahotyoga.com/free-workshops,200.0,True
https://studiofitnessvictoria.com/classes/,200.0,True
https://themovementcreative.com/mission,200.0,False
https://themoveroom.ca/,200.0,False
https://telemetr.io/ru/channels/1612086050-wellnesstbi,200.0,True
https://theburgnews.com/author/lbinda/page/7,200.0,False
https://thepoweryogaco.com/the-challenge-and-rewards-of-dharma-yoga/,202.0,False
https://trinityptomaha.com/services/retensioningtraining/,200.0,False
https://trisevenstudios.com/pricing,200.0,False
https://thestilettogym.com/,200.0,True
https://trainingpoints.co.uk/pre-post-natal-classes/,202.0,False
https://triyogaboston.org/f/neck-and-shoulder-pain,200.0,True
https://theshehive.com/,202.0,False
https://tube.crownthrive.io/watch/five-beauty-sleep-tips-to-follow-before-bed_42UIxesPPHvUOHV.html,,False
https://tropheesfondation.edf.com/,,False
https://savannahmastercalendar.com/events/healing-vibrations-gentle-yoga-with-harp-and-violin,200.0,False
https://theordervescompany.com/short-order/inas-chocolate-chip-cookies,200.0,False
https://thesleepyogi.com/yogahubinfo,404.0,False
https://thesuttlelodge.com/happenings/ongoing/creekside-yoga/,404.0,False
https://theroarmovement.squarespace.com/classes-all/stretchandsmoothie-pzffz-wwwg5,404.0,False
https://thepilatescenter.com/rachel-segel-is-featured-on-shoutout-colorado/,202.0,False
https://transformyoga.com.au/unwind-from-within-book-now-for-next-week/,200.0,True
https://trishinewellness.com/,200.0,True
https://tortoise-piano-ay2t.squarespace.com/meditation-club-series,200.0,False
https://trib3.ie/studios/netherlands/amsterdam/rozengracht/,200.0,False
https://triangle-corn-w927.squarespace.com/location,200.0,False
https://themovementcreative.squarespace.com/youth-class-2020,200.0,False
https://tomato-oval-ft.squarespace.com/services-pricing,200.0,False
https://total-pilates.squarespace.com/our-studio,200.0,False
https://tunny-tarpon-m2rf.squarespace.com/,404.0,False
https://theshala.com/,200.0,True
https://trib3.co.uk/studios/netherlands/amsterdam/middenweg/buy-sessions/,200.0,False
https://trueyouyogastudio.com/workshops-events/,200.0,True
https://truenatureselfcare.com/gift-card/,202.0,False
https://trinityhealthandliving.com.au/trinity-health-and-living-massage-energy-healing-biodynamic-craniosacral-therapy-services-blog/page/11/,200.0,True
https://twistyogaedmonds.com/classes/,202.0,False
https://thespacebetweenyoga.com/alive-away,404.0,False
https://thesocietywellness.squarespace.com/memberships,200.0,False
https://urbanhypnosis.co.uk/services/q9-do-you-off-er-teaching/,404.0,False
https://tribalyogaschool.com/videos/12-minutes-leg-workout-no-equipment/,200.0,True
https://thestudiopilates.com/,200.0,False
https://three-jewels.squarespace.com/member-1,200.0,False
https://unionstreetyoga.com.au/,200.0,True
https://urbanfitinc.com/classes/,200.0,True
https://turning-circles.com/new-blog-1,200.0,True
https://tribaledge.life/sikal-live-stream,200.0,False
https://truetoyoga.com/services,200.0,True
https://underdogdance.com/,200.0,True
https://tori-reynolds.squarespace.com/events,200.0,True
https://usefind.ai/companies/arketa,403.0,False
https://theyogapantry.com/intermediate-yoga-course.php,200.0,True
https://trueselfsanctuary.com/articles/,202.0,False
https://thepeachpolestudio.com.au/trialpass/,200.0,False
https://trib3.es/estudios/paises-bajos/amsterdam/rozengracht/,200.0,False
https://urbanyoga.lv/nodarbibu-grafiks/,200.0,True
https://therippleclub.fit/register/,404.0,False
https://trumpet-snail-nr7r.squarespace.com/pricing-1,404.0,False
https://uvutraining.ca/services/,200.0,False
https://urls-shortener.eu/share/644,200.0,False
https://theperinataldirectory.nz/events-2-1,200.0,False
https://thewellnessboutique.com.au/pelvic-organ-prolapse-myth-busting-edition/,200.0,True
https://twisteddogyoga.com/,200.0,True
https://velocitywestchester.com/dutchess-group-packs,200.0,False
https://thevillijwellness.squarespace.com/memberships,200.0,False
https://thepilatescorner.co.uk/lead-pages/discover/,200.0,False
https://vocalcore.es/musical-theatre-course-level-one,,False
https://vulcana.org.au/over-the-back-fence/,200.0,False
https://wakeupwyo.com/ixp/101/p/summer-schedule-for-yoga-on-the-labyrinth/,200.0,True
https://visionplusfitness.com/,202.0,False
https://vibrantaging.life/launch/,200.0,False
https://volumeone.org/events/2024/05/19/476737-qigong-in-the-salt-cave,404.0,False
https://vidude.com/watch/mHrinyER6WtxQWX,200.0,False
https://valerija-zujeva.squarespace.com/tea-ceremonies/2024/6/28/tea-and-cello-journey,200.0,False
https://visitmccall.org/event/pilates-strength-mixed-apparatus-class-at-mccall-pilates/,200.0,False
https://wearestcloud.com/ixp/65/p/escape-the-stress-outdoor-yoga-classes-at-milk-honey-ciders-in-st-joe/,200.0,True
https://visionquestcoaching.com/highland-park-class-schedule,200.0,False
https://wellnesswithmolly.me/events/yogaformentalhealth2,200.0,True
https://welcometosoundworks.com/soundworks-sound-healing-sessions-booking-page/,200.0,False
https://villagebirth.com.au/mother-circle-and-parenting-support/,200.0,True
https://viola-plums-p85t.squarespace.com/blog/the-modern-menstruation-conversation,200.0,False
https://visionkeeper3759.squarespace.com/workshops,200.0,False
https://vixanderton.com/bali,404.0,False
https://vidhahotyoga.com/,200.0,True
https://wearepana.com/online-classes,200.0,False
https://walthamstuff.com/events/summer-solstice-yoga-and-sound-workshop/,200.0,True
https://vix-anderton-coaching.squarespace.com/bali,404.0,False
https://visitnurture.squarespace.com/dining,200.0,True
https://watermelon-spinach-s5an.squarespace.com/groupcoaching,200.0,False
https://viola-chartreuse-nceb.squarespace.com/events,200.0,True
https://west-coast-sweat.squarespace.com/events-retreats?category=Sound+Therapy,200.0,True
https://wearekula.co.uk/,200.0,True
https://unitystudios.co.nz/,200.0,True
https://visitlaketahoe.com/things-to-do/bliss-experiences/,200.0,True
https://webedance.com/4633-2/,200.0,True
https://wellnessroom.com.au/workshops-events/,200.0,True
https://simplygoodhealth.com.au/news/,200.0,True
https://wellbeing-economics.com/mfy-en-asana-groove-madrid/,200.0,True
